id,first_name,last_name,email,gender,ip_address
1,Rudd,Tireman,rtireman0@nature.com,Male,129.72.36.82
2,Virginia,Gregoraci,vgregoraci1@i2i.jp,Female,141.95.189.239
3,Lea,Henryson,lhenryson2@cdbaby.com,Female,228.224.171.73
4,Carlita,Rump,crump3@sina.com.cn,Female,92.116.11.139
5,Britt,Snozzwell,bsnozzwell4@4shared.com,Male,131.155.122.81
6,Jamil,Gerding,jgerding5@moonfruit.com,Male,131.83.11.57
7,Wang,Haslewood,whaslewood6@blogtalkradio.com,Male,58.227.29.13
8,Ruthy,Antley,rantley7@phpbb.com,Genderqueer,189.121.255.107
9,Hobard,Feighry,hfeighry8@desdev.cn,Male,17.10.48.79
10,Gun,Stickley,gstickley9@youku.com,Male,4.177.5.166
11,Gris,Jentges,gjentgesa@bbc.co.uk,Male,3.135.119.69
12,Moe,Jovovic,mjovovicb@amazon.co.jp,Male,216.103.39.19
13,Zach,Martinat,zmartinatc@scientificamerican.com,Male,26.228.182.144
14,Lonny,Dennant,ldennantd@youtu.be,Male,156.105.99.182
15,Agata,McQuaid,amcquaide@twitpic.com,Female,99.126.2.49
16,Sigvard,Deelay,sdeelayf@hexun.com,Male,45.255.15.124
17,Kevina,Horsefield,khorsefieldg@deliciousdays.com,Female,198.2.124.72
18,Logan,Moryson,lmorysonh@china.com.cn,Male,86.132.75.60
19,Alaine,McDuffy,amcduffyi@yellowbook.com,Female,23.120.93.234
20,Ofella,Brogan,obroganj@angelfire.com,Female,252.126.73.227
21,Dietrich,Miguet,dmiguetk@rambler.ru,Male,161.239.197.138
22,Shannon,Barbrick,sbarbrickl@oakley.com,Male,80.154.80.79
23,Devlen,Lammerich,dlammerichm@sphinn.com,Male,89.0.170.181
24,Conant,Grafom,cgrafomn@unesco.org,Male,148.30.101.155
25,Gilligan,Dyball,gdyballo@creativecommons.org,Female,222.112.15.169
26,Sergio,Salmen,ssalmenp@uol.com.br,Male,176.137.86.50
27,Ralf,Castelijn,rcastelijnq@nifty.com,Male,238.134.159.15
28,Kacy,Johananoff,kjohananoffr@drupal.org,Female,30.22.42.167
29,Clementine,Skalls,cskallss@disqus.com,Female,54.43.82.241
30,Rich,Foot,rfoott@godaddy.com,Male,156.219.154.232
31,Basile,Telling,btellingu@mozilla.org,Male,133.246.211.140
32,Danielle,Jiggen,djiggenv@webmd.com,Female,162.116.205.28
33,Chase,Battelle,cbattellew@ca.gov,Genderfluid,251.253.30.131
34,Gage,Cullinane,gcullinanex@histats.com,Male,129.202.54.250
35,Jo ann,Walak,jwalaky@patch.com,Female,72.193.167.126
36,Rollo,Ashby,rashbyz@freewebs.com,Male,173.122.181.163
37,Stacee,Chess,schess10@yandex.ru,Female,198.189.233.242
38,Georgy,Huston,ghuston11@parallels.com,Male,91.98.197.182
39,Vin,Pevie,vpevie12@comsenz.com,Genderqueer,136.21.181.215
40,Glenda,Scully,gscully13@npr.org,Female,103.118.13.79
41,Taylor,Tillerton,ttillerton14@vinaora.com,Male,5.189.102.165
42,Sidoney,Langdale,slangdale15@hubpages.com,Female,247.145.167.221
43,Marne,Steere,msteere16@google.es,Female,70.80.3.204
44,Ringo,Mewis,rmewis17@salon.com,Male,230.19.52.97
45,Waiter,Klimmek,wklimmek18@mediafire.com,Male,194.195.210.173
46,Obadias,Fluger,ofluger19@oracle.com,Male,77.42.132.50
47,Ganny,Jennings,gjennings1a@weebly.com,Genderfluid,159.132.247.6
48,Austin,Iacoviello,aiacoviello1b@merriam-webster.com,Male,60.220.54.27
49,Ester,Almak,ealmak1c@dmoz.org,Female,34.154.183.234
50,Lenette,Osselton,losselton1d@com.com,Female,233.114.206.221
51,Bessie,Lifton,blifton1e@instagram.com,Female,178.144.136.244
52,Maximilian,Salzberg,msalzberg1f@ed.gov,Male,93.26.16.114
53,Peria,Milsap,pmilsap1g@rediff.com,Female,121.250.65.127
54,Ines,Thomerson,ithomerson1h@bloglines.com,Female,132.252.174.33
55,Grazia,Wyldish,gwyldish1i@columbia.edu,Female,182.135.33.241
56,Joseph,Down,jdown1j@europa.eu,Non-binary,23.215.12.220
57,Ludovika,Bendle,lbendle1k@marriott.com,Female,220.153.137.37
58,Tarrance,Aylott,taylott1l@twitter.com,Male,232.91.111.200
59,Byran,Steinhammer,bsteinhammer1m@smugmug.com,Male,187.84.49.245
60,Granville,Veevers,gveevers1n@plala.or.jp,Male,85.255.217.41
61,Alexis,Rogliero,arogliero1o@imageshack.us,Male,54.34.225.241
62,Faina,Hinckes,fhinckes1p@vkontakte.ru,Female,190.49.126.99
63,Paddie,Greedy,pgreedy1q@weebly.com,Male,150.215.173.219
64,Kelsey,Nisbet,knisbet1r@people.com.cn,Female,74.160.104.8
65,Jerad,McTerrelly,jmcterrelly1s@google.com.au,Male,26.7.13.169
66,Monro,Greenroad,mgreenroad1t@google.co.jp,Male,31.63.22.12
67,Stanley,Wardlow,swardlow1u@un.org,Male,188.108.203.112
68,Calhoun,Moreland,cmoreland1v@army.mil,Non-binary,28.224.250.92
69,Jillane,Ashton,jashton1w@ifeng.com,Female,247.46.74.237
70,Wait,Poter,wpoter1x@jiathis.com,Male,76.200.206.218
71,Laurene,Teodoro,lteodoro1y@bloglines.com,Female,35.55.180.227
72,Anthony,Roebottom,aroebottom1z@ameblo.jp,Male,18.8.38.52
73,Dannie,Trotton,dtrotton20@furl.net,Male,150.70.116.154
74,Edithe,Cordelette,ecordelette21@wordpress.com,Female,237.83.201.208
75,Oswell,Sings,osings22@mlb.com,Male,26.137.102.118
76,Dinny,D'Adamo,ddadamo23@cloudflare.com,Genderfluid,213.19.181.140
77,Boris,Iacovolo,biacovolo24@yellowbook.com,Male,143.8.86.202
78,Caro,Steed,csteed25@joomla.org,Female,221.5.115.218
79,Benny,Surplice,bsurplice26@hatena.ne.jp,Female,70.32.102.190
80,Jeramie,Pethick,jpethick27@diigo.com,Male,4.142.244.99
81,Brigitte,De Gregario,bdegregario28@washingtonpost.com,Non-binary,7.100.137.221
82,Alfy,Bartle,abartle29@bloomberg.com,Female,94.207.83.235
83,Tremain,Deakes,tdeakes2a@ovh.net,Male,23.227.150.78
84,Elspeth,Blannin,eblannin2b@mail.ru,Female,116.71.255.156
85,Morse,Yell,myell2c@netscape.com,Male,161.189.179.102
86,Peyter,Brookhouse,pbrookhouse2d@xrea.com,Male,136.137.93.205
87,Leland,Stile,lstile2e@digg.com,Female,116.55.122.37
88,Linnet,Coneybeer,lconeybeer2f@illinois.edu,Female,185.87.164.74
89,Harriott,Pirnie,hpirnie2g@dyndns.org,Female,126.168.236.152
90,Lon,Winsborrow,lwinsborrow2h@fastcompany.com,Male,65.103.88.46
91,Anabella,Trawin,atrawin2i@huffingtonpost.com,Female,248.68.75.79
92,Aubree,Umfrey,aumfrey2j@e-recht24.de,Bigender,83.76.208.1
93,Shurlock,Belhomme,sbelhomme2k@odnoklassniki.ru,Male,68.179.18.99
94,Desmond,Van Zon,dvanzon2l@usatoday.com,Male,108.155.107.152
95,Nadya,Switland,nswitland2m@unicef.org,Female,130.33.205.135
96,Vanda,Balmforth,vbalmforth2n@pbs.org,Female,135.252.172.94
97,Emmy,Copin,ecopin2o@tumblr.com,Male,199.223.114.128
98,Timmi,Barns,tbarns2p@webnode.com,Female,82.91.15.18
99,Zenia,Girkins,zgirkins2q@microsoft.com,Female,119.209.72.226
100,Iseabal,Orniz,iorniz2r@sfgate.com,Bigender,106.102.109.39
101,Erinn,Serrurier,eserrurier2s@sourceforge.net,Female,133.91.44.255
102,Stephan,Ashbolt,sashbolt2t@wikipedia.org,Male,139.233.235.251
103,Timmy,Pluck,tpluck2u@theglobeandmail.com,Male,247.114.147.56
104,Estelle,Keward,ekeward2v@stumbleupon.com,Female,251.82.13.196
105,Quinn,Purtell,qpurtell2w@comsenz.com,Female,150.19.37.67
106,Kathie,Tear,ktear2x@g.co,Female,21.46.189.230
107,Christye,Rhodus,crhodus2y@fc2.com,Female,141.69.196.123
108,Frasco,Fancett,ffancett2z@answers.com,Male,42.93.196.101
109,Clementina,Abbatucci,cabbatucci30@indiatimes.com,Female,225.139.43.140
110,Phillip,Milson,pmilson31@unc.edu,Male,216.32.150.28
111,Bastian,Kitter,bkitter32@goo.ne.jp,Male,22.119.195.84
112,Travers,Guillon,tguillon33@prnewswire.com,Male,9.150.78.135
113,Enoch,Minto,eminto34@alexa.com,Male,253.154.64.207
114,Dermot,Pinshon,dpinshon35@biblegateway.com,Male,37.141.215.31
115,Shelbi,Tretter,stretter36@livejournal.com,Female,220.41.208.243
116,Ginelle,Pietasch,gpietasch37@apache.org,Female,165.59.72.165
117,Mirilla,Keld,mkeld38@aol.com,Female,91.114.121.110
118,Viole,Rous,vrous39@constantcontact.com,Female,201.156.46.11
119,Ivan,Kellert,ikellert3a@privacy.gov.au,Male,199.224.142.106
120,Buck,Joly,bjoly3b@issuu.com,Male,150.38.205.187
121,Cam,Rasmus,crasmus3c@ning.com,Female,74.147.219.41
122,Konstance,Wheal,kwheal3d@google.co.jp,Female,157.98.212.217
123,Duke,Vince,dvince3e@csmonitor.com,Male,33.99.125.45
124,Dwayne,Blything,dblything3f@oracle.com,Male,164.77.33.235
125,Fowler,Kleeborn,fkleeborn3g@tinypic.com,Male,90.102.107.32
126,Trudy,Plan,tplan3h@salon.com,Female,196.48.253.36
127,Veriee,D'Elia,vdelia3i@timesonline.co.uk,Female,250.11.233.247
128,Grange,Sturdey,gsturdey3j@meetup.com,Male,82.162.126.20
129,Louella,Zebedee,lzebedee3k@wordpress.org,Female,210.197.21.97
130,Shandy,Gwilliams,sgwilliams3l@ucsd.edu,Female,186.227.146.224
131,Menard,Syrad,msyrad3m@ucla.edu,Male,72.10.142.86
132,Angel,Lucas,alucas3n@dyndns.org,Male,149.12.253.138
133,Kimble,Seldner,kseldner3o@youtu.be,Male,198.83.137.119
134,Annissa,Felkin,afelkin3p@wufoo.com,Female,146.64.214.131
135,Karla,Ranyelld,kranyelld3q@sciencedaily.com,Polygender,12.77.31.158
136,Frederico,Maytum,fmaytum3r@oaic.gov.au,Male,166.197.131.113
137,Winny,Bould,wbould3s@techcrunch.com,Male,183.7.90.194
138,Devora,Leving,dleving3t@dell.com,Female,15.131.178.168
139,Angelia,Britto,abritto3u@nhs.uk,Female,78.19.211.213
140,Aidan,Pugsley,apugsley3v@blogs.com,Female,206.2.45.107
141,Mirabel,Castellini,mcastellini3w@com.com,Female,144.237.127.184
142,Vivienne,Abramcik,vabramcik3x@comsenz.com,Female,96.62.19.125
143,Skippy,Simms,ssimms3y@chronoengine.com,Male,117.11.253.178
144,Tallie,Gourlie,tgourlie3z@simplemachines.org,Male,107.80.127.21
145,Dion,Loade,dloade40@twitpic.com,Female,235.126.100.179
146,Erica,Landrick,elandrick41@mail.ru,Female,228.108.58.226
147,Anestassia,Enoksson,aenoksson42@lycos.com,Female,188.233.8.101
148,Lauren,Carolan,lcarolan43@ebay.co.uk,Male,251.253.74.37
149,Lyon,Goldie,lgoldie44@google.fr,Male,78.212.83.70
150,Geralda,Carse,gcarse45@dropbox.com,Female,181.236.173.51
151,Stanly,Whewill,swhewill46@cdc.gov,Male,195.103.45.245
152,Dynah,Laraway,dlaraway47@timesonline.co.uk,Polygender,219.110.169.203
153,Keeley,Weakley,kweakley48@drupal.org,Female,159.86.110.26
154,Alexandros,Pountain,apountain49@netlog.com,Male,132.33.3.110
155,Corny,Espadater,cespadater4a@tmall.com,Male,179.151.21.112
156,Carlynne,Iacavone,ciacavone4b@ftc.gov,Female,165.122.172.10
157,Tamera,McLanaghan,tmclanaghan4c@posterous.com,Female,182.132.101.64
158,Tammy,Garz,tgarz4d@mayoclinic.com,Male,200.152.71.153
159,Ives,Kliner,ikliner4e@princeton.edu,Male,72.61.57.237
160,Adria,Colten,acolten4f@ycombinator.com,Female,186.232.245.29
161,Carolee,Imesen,cimesen4g@fema.gov,Female,32.171.186.106
162,Diannne,Crossland,dcrossland4h@intel.com,Female,143.190.123.185
163,Frederick,Broome,fbroome4i@sphinn.com,Male,181.172.191.40
164,Dagmar,Empringham,dempringham4j@addtoany.com,Female,106.1.60.228
165,Jarad,Shapero,jshapero4k@amazon.de,Male,44.253.231.190
166,Annadiana,Snarr,asnarr4l@answers.com,Female,206.56.200.112
167,Leshia,Drayson,ldrayson4m@ezinearticles.com,Female,58.232.129.53
168,Rance,Beachamp,rbeachamp4n@mit.edu,Male,252.161.99.49
169,Lanie,MacDearmaid,lmacdearmaid4o@indiatimes.com,Female,164.170.78.2
170,Emery,Knell,eknell4p@studiopress.com,Male,166.174.184.83
171,Jo ann,Leeburne,jleeburne4q@mashable.com,Female,232.1.80.9
172,Raynor,Coughan,rcoughan4r@wsj.com,Male,92.29.48.215
173,Tremaine,Marzellano,tmarzellano4s@netscape.com,Male,214.147.76.54
174,Randolf,Elwell,relwell4t@simplemachines.org,Male,93.68.82.211
175,Matthus,Ingolotti,mingolotti4u@so-net.ne.jp,Male,205.174.250.239
176,Ibrahim,Cornthwaite,icornthwaite4v@bloglines.com,Male,62.153.162.40
177,Putnam,Fawssett,pfawssett4w@wikia.com,Male,36.193.230.27
178,Tallou,Haxell,thaxell4x@va.gov,Female,132.135.120.124
179,Teirtza,Habercham,thabercham4y@mtv.com,Female,246.133.199.215
180,Barnabe,Balmann,bbalmann4z@privacy.gov.au,Male,144.56.165.122
181,Cathy,Glanvill,cglanvill50@prnewswire.com,Female,82.180.191.40
182,Evey,Glacken,eglacken51@tamu.edu,Female,22.96.51.15
183,Charissa,Broyd,cbroyd52@mapy.cz,Female,245.21.198.138
184,Carlo,Salvadore,csalvadore53@apache.org,Male,43.189.126.136
185,Marabel,Bosson,mbosson54@addthis.com,Female,243.110.235.181
186,Octavia,Thame,othame55@disqus.com,Female,151.84.70.184
187,Valle,Chiommienti,vchiommienti56@digg.com,Male,153.73.51.245
188,Laurette,Clay,lclay57@mozilla.org,Female,145.120.179.156
189,Gina,Melladew,gmelladew58@wikimedia.org,Female,0.96.22.69
190,Torey,Reddoch,treddoch59@xrea.com,Male,165.80.113.130
191,Natty,Bernadon,nbernadon5a@ibm.com,Male,80.55.244.88
192,Joyan,Houselee,jhouselee5b@umn.edu,Female,230.62.5.177
193,Shirleen,Lill,slill5c@tinypic.com,Female,56.166.174.176
194,Filip,Fincken,ffincken5d@opera.com,Agender,233.36.85.235
195,Waldo,Nicklin,wnicklin5e@constantcontact.com,Male,41.10.143.200
196,Clarke,Karlsson,ckarlsson5f@google.co.uk,Male,159.220.106.52
197,Nita,Brewerton,nbrewerton5g@netvibes.com,Female,70.217.204.83
198,Laurie,Le Breton De La Vieuville,llebretondelavieuville5h@businessweek.com,Female,231.142.137.239
199,Amandy,Giacovazzo,agiacovazzo5i@soup.io,Female,141.129.151.0
200,Cassy,Stoppe,cstoppe5j@un.org,Female,132.102.185.35
201,Casi,Sollam,csollam5k@dell.com,Female,180.79.141.230
202,Elmer,Whimpenny,ewhimpenny5l@devhub.com,Male,133.145.61.51
203,Lyn,Saiger,lsaiger5m@unicef.org,Male,46.149.13.172
204,Muffin,Asken,masken5n@yolasite.com,Female,49.101.219.134
205,Rurik,Langmead,rlangmead5o@google.nl,Male,235.205.40.35
206,Jules,Dansey,jdansey5p@tripod.com,Male,13.32.250.38
207,Fara,Mowsdell,fmowsdell5q@friendfeed.com,Female,179.93.172.40
208,Gavin,Santori,gsantori5r@wordpress.com,Agender,74.230.187.158
209,Genvieve,Finlater,gfinlater5s@infoseek.co.jp,Female,230.41.57.132
210,Rhea,Idel,ridel5t@gmpg.org,Female,254.183.252.42
211,Karoly,Ancketill,kancketill5u@msu.edu,Male,149.33.153.127
212,Chucho,Southon,csouthon5v@uiuc.edu,Male,110.74.123.141
213,Carolan,Copley,ccopley5w@msu.edu,Female,101.89.179.199
214,Freda,Fomichyov,ffomichyov5x@cargocollective.com,Female,219.107.58.88
215,Blakeley,Gerin,bgerin5y@earthlink.net,Female,237.66.187.220
216,Jenna,Bruyntjes,jbruyntjes5z@senate.gov,Female,88.201.145.71
217,Kelcey,Samme,ksamme60@berkeley.edu,Female,180.201.125.186
218,Ainslee,Keen,akeen61@hp.com,Genderfluid,86.238.139.168
219,Harris,Heustace,hheustace62@bing.com,Male,100.167.114.86
220,Griselda,Marshal,gmarshal63@walmart.com,Female,36.204.43.156
221,Colin,Roch,croch64@kickstarter.com,Male,226.147.104.160
222,Fran,Pepin,fpepin65@google.es,Female,39.197.171.67
223,Diane,Parsonson,dparsonson66@auda.org.au,Female,160.69.183.67
224,Karil,Joao,kjoao67@t-online.de,Female,131.202.131.80
225,Kalli,Chadbourne,kchadbourne68@over-blog.com,Female,23.45.98.186
226,Tressa,Brezlaw,tbrezlaw69@time.com,Female,75.159.35.140
227,Renata,Lionel,rlionel6a@mail.ru,Female,200.252.44.133
228,Charo,Sangra,csangra6b@telegraph.co.uk,Female,216.221.132.39
229,Kariotta,Darey,kdarey6c@google.ca,Female,208.141.238.247
230,Hakim,Kensett,hkensett6d@simplemachines.org,Male,105.196.224.245
231,Murry,Houlahan,mhoulahan6e@dagondesign.com,Male,133.175.201.51
232,Estrellita,Niece,eniece6f@barnesandnoble.com,Female,103.53.8.255
233,Maxy,Pringuer,mpringuer6g@alexa.com,Male,246.241.78.152
234,Valdemar,Nutton,vnutton6h@biglobe.ne.jp,Male,169.205.86.236
235,Cos,Brundrett,cbrundrett6i@uol.com.br,Male,127.3.28.84
236,Amanda,Cutsforth,acutsforth6j@canalblog.com,Genderqueer,95.112.179.93
237,Findley,Emney,femney6k@friendfeed.com,Male,50.41.249.146
238,Bentley,Stone,bstone6l@squidoo.com,Male,144.197.163.238
239,Gabe,Scrowston,gscrowston6m@ihg.com,Male,86.224.86.54
240,Nancey,O'Scollain,noscollain6n@over-blog.com,Female,183.199.0.58
241,Nathalie,Belchambers,nbelchambers6o@istockphoto.com,Female,224.2.30.204
242,Anissa,Barnicott,abarnicott6p@home.pl,Female,145.0.178.102
243,Hartwell,Brotherhood,hbrotherhood6q@nytimes.com,Male,128.204.168.79
244,Eveleen,Timby,etimby6r@booking.com,Female,207.7.210.50
245,Erwin,Shafier,eshafier6s@engadget.com,Bigender,29.58.140.137
246,Haskel,Brute,hbrute6t@chicagotribune.com,Male,193.190.20.85
247,Glyn,Kellington,gkellington6u@51.la,Female,33.243.50.230
248,Farley,Edgson,fedgson6v@cloudflare.com,Male,168.144.133.178
249,Margalit,Everington,meverington6w@amazon.com,Female,135.207.149.139
250,Leo,Thouless,lthouless6x@google.com.hk,Male,169.130.4.171
251,Talya,Cayle,tcayle6y@wordpress.org,Female,213.132.38.10
252,Agretha,Immings,aimmings6z@newsvine.com,Female,250.94.23.224
253,Ray,Keal,rkeal70@vkontakte.ru,Female,90.116.181.251
254,Susi,Meagher,smeagher71@reverbnation.com,Female,140.41.33.165
255,Galvin,Emanuelov,gemanuelov72@uiuc.edu,Male,88.130.49.236
256,Herta,Kuhne,hkuhne73@nbcnews.com,Female,245.152.202.193
257,Nelie,Jansky,njansky74@time.com,Female,130.130.94.30
258,Nara,Wenn,nwenn75@tiny.cc,Female,152.129.145.242
259,Maegan,Elger,melger76@theguardian.com,Female,51.58.89.133
260,Jerrie,Wilstead,jwilstead77@walmart.com,Female,196.211.228.254
261,Joelly,Tellenbrok,jtellenbrok78@bloglovin.com,Female,95.182.124.208
262,Sherye,Glasner,sglasner79@theguardian.com,Female,214.108.58.238
263,Morgan,Gillimgham,mgillimgham7a@chicagotribune.com,Male,226.108.244.238
264,Rosalinda,Vance,rvance7b@aboutads.info,Non-binary,42.184.37.68
265,Kizzee,Danzey,kdanzey7c@illinois.edu,Female,223.202.11.153
266,Burtie,Belmont,bbelmont7d@github.com,Male,239.77.110.193
267,Arlina,Brosio,abrosio7e@cnbc.com,Female,222.148.24.17
268,Beauregard,Sambells,bsambells7f@ebay.com,Male,46.76.137.177
269,Isa,Moorhead,imoorhead7g@gravatar.com,Female,192.243.221.172
270,Ike,Austin,iaustin7h@shareasale.com,Male,39.80.82.6
271,Filippo,Artist,fartist7i@elegantthemes.com,Male,17.55.38.197
272,Mareah,Pesselt,mpesselt7j@harvard.edu,Female,236.85.232.6
273,Edee,Benedick,ebenedick7k@answers.com,Female,126.187.91.155
274,Aurelie,Laroze,alaroze7l@virginia.edu,Female,168.177.3.102
275,Kiley,Edlyne,kedlyne7m@springer.com,Male,106.213.234.203
276,Brynna,Baigrie,bbaigrie7n@1und1.de,Female,7.97.113.238
277,Jeddy,Copyn,jcopyn7o@vkontakte.ru,Male,98.73.19.174
278,Charity,Gehrts,cgehrts7p@nsw.gov.au,Female,54.146.52.193
279,Chick,Darwen,cdarwen7q@slideshare.net,Male,167.191.60.84
280,Annalise,Keywood,akeywood7r@squidoo.com,Female,21.128.34.168
281,Alanah,Desborough,adesborough7s@ebay.com,Female,23.218.181.110
282,Meggi,Swateridge,mswateridge7t@admin.ch,Genderqueer,171.20.8.230
283,Madelene,Bertson,mbertson7u@ow.ly,Female,143.154.162.24
284,Corny,Leser,cleser7v@fda.gov,Female,231.153.90.78
285,Gaspard,Clohisey,gclohisey7w@barnesandnoble.com,Male,64.127.101.191
286,Aldric,McAusland,amcausland7x@goo.ne.jp,Male,82.101.47.23
287,Silas,Enoksson,senoksson7y@ebay.com,Male,172.175.9.250
288,Jaquenetta,Atkin,jatkin7z@usgs.gov,Female,118.242.125.36
289,Walsh,Drohun,wdrohun80@google.co.jp,Male,3.111.18.200
290,Quentin,Jalland,qjalland81@wsj.com,Male,12.149.240.204
291,Kean,Wontner,kwontner82@php.net,Male,143.42.247.126
292,Armand,Caulliere,acaulliere83@bing.com,Male,16.196.69.105
293,Dario,Jeanet,djeanet84@google.co.jp,Male,121.106.193.143
294,Damian,Dougharty,ddougharty85@oaic.gov.au,Male,137.45.167.70
295,Gan,Inggall,ginggall86@dagondesign.com,Male,173.180.170.166
296,Reynold,Milborn,rmilborn87@cpanel.net,Male,160.96.197.123
297,Robinia,Gazzard,rgazzard88@who.int,Female,11.232.101.77
298,Cece,Doull,cdoull89@cnbc.com,Male,43.167.203.65
299,Aldridge,Lintall,alintall8a@1und1.de,Male,246.176.88.85
300,Leela,Vern,lvern8b@hatena.ne.jp,Female,2.23.169.114
301,Early,Sennett,esennett8c@chron.com,Male,38.155.149.29
302,Faye,Charlon,fcharlon8d@ifeng.com,Female,166.212.173.45
303,Giulietta,Beaumont,gbeaumont8e@biglobe.ne.jp,Female,178.122.97.114
304,Molly,Berryann,mberryann8f@disqus.com,Female,43.200.224.233
305,Emmalyn,Imlen,eimlen8g@about.com,Female,126.112.133.24
306,Rose,Crush,rcrush8h@mlb.com,Female,249.93.127.7
307,Fred,Shanley,fshanley8i@globo.com,Male,166.230.145.167
308,Abdel,Pagram,apagram8j@mac.com,Male,185.105.221.233
309,Jedidiah,Midlar,jmidlar8k@people.com.cn,Male,149.147.161.201
310,Allianora,Kensy,akensy8l@businessinsider.com,Female,167.241.109.183
311,Mordy,Bartoszewski,mbartoszewski8m@mtv.com,Male,123.185.64.84
312,Burnard,Quinby,bquinby8n@cafepress.com,Male,220.226.248.20
313,Dolores,Menhci,dmenhci8o@jigsy.com,Female,163.92.168.233
314,Phil,Paulisch,ppaulisch8p@bing.com,Male,34.81.36.224
315,Alfy,Cornewall,acornewall8q@typepad.com,Male,24.212.84.82
316,Emmalynne,Benedetti,ebenedetti8r@istockphoto.com,Female,186.179.209.134
317,Milo,Billanie,mbillanie8s@amazon.co.jp,Male,236.35.87.94
318,Olwen,Rodgers,orodgers8t@ed.gov,Female,143.91.143.101
319,Ernie,Skin,eskin8u@ftc.gov,Male,2.147.197.236
320,Silvanus,Pitceathly,spitceathly8v@marriott.com,Male,42.71.110.65
321,Verina,Lehr,vlehr8w@imgur.com,Female,85.148.200.192
322,Liza,Tredwell,ltredwell8x@wikispaces.com,Female,4.237.242.13
323,Manuel,Gold,mgold8y@wisc.edu,Male,51.25.37.188
324,Lorri,Chapman,lchapman8z@eepurl.com,Female,251.156.223.154
325,Helenka,Hedley,hhedley90@slate.com,Female,153.53.194.116
326,Hartwell,Stockings,hstockings91@virginia.edu,Male,226.123.73.102
327,Rene,Ruspine,rruspine92@tiny.cc,Female,70.139.190.154
328,Elihu,Stolle,estolle93@cbslocal.com,Male,72.8.76.130
329,Stacie,Durran,sdurran94@icio.us,Female,205.57.253.17
330,Rebbecca,Fossick,rfossick95@army.mil,Female,86.102.164.112
331,Dunc,Thornley,dthornley96@ft.com,Male,119.240.122.151
332,Humphrey,Eckly,heckly97@youku.com,Male,98.215.2.163
333,Maisie,McDuall,mmcduall98@spotify.com,Female,75.89.197.207
334,Avrit,Brunsen,abrunsen99@bloglovin.com,Female,127.159.57.232
335,Sancho,Gillebert,sgillebert9a@mit.edu,Male,107.200.173.196
336,Bondon,Lemonby,blemonby9b@discuz.net,Male,112.142.40.203
337,Elspeth,Howchin,ehowchin9c@google.fr,Female,137.4.204.49
338,Andrea,Bonnet,abonnet9d@craigslist.org,Male,22.78.102.53
339,Katti,Pamment,kpamment9e@e-recht24.de,Female,62.225.34.210
340,Berny,Gobat,bgobat9f@dion.ne.jp,Female,152.34.188.178
341,Bobbye,Davison,bdavison9g@issuu.com,Female,79.67.252.41
342,Rahel,Schouthede,rschouthede9h@marriott.com,Female,235.177.147.83
343,Stillman,Kerss,skerss9i@deviantart.com,Polygender,198.132.49.151
344,Sigfrid,Ephson,sephson9j@thetimes.co.uk,Male,143.107.178.176
345,Georas,Joysey,gjoysey9k@seattletimes.com,Male,219.64.199.249
346,Jeremy,Pitman,jpitman9l@abc.net.au,Male,90.144.129.135
347,Ingamar,Malthouse,imalthouse9m@qq.com,Male,11.110.120.73
348,Sam,Sharram,ssharram9n@biglobe.ne.jp,Male,25.175.165.253
349,Dennison,Gath,dgath9o@bravesites.com,Male,117.229.152.48
350,Reynold,Shacklady,rshacklady9p@cbslocal.com,Male,205.133.233.97
351,Allsun,O'Grada,aograda9q@bing.com,Female,52.219.149.146
352,Martynne,Pittam,mpittam9r@ftc.gov,Female,80.208.199.165
353,Silva,Klawi,sklawi9s@elegantthemes.com,Female,73.162.8.212
354,Cayla,Calwell,ccalwell9t@discuz.net,Female,14.210.56.212
355,Nance,Hopfer,nhopfer9u@skype.com,Female,193.33.219.168
356,Rolph,Zywicki,rzywicki9v@google.ru,Male,109.222.245.54
357,Sly,Kybert,skybert9w@guardian.co.uk,Male,150.55.5.205
358,Audie,Martusewicz,amartusewicz9x@yahoo.co.jp,Female,162.69.129.82
359,Pat,Habden,phabden9y@privacy.gov.au,Female,8.131.61.156
360,Cassie,Scough,cscough9z@jalbum.net,Female,211.138.79.236
361,Adey,Whitington,awhitingtona0@nasa.gov,Female,240.163.62.217
362,Nehemiah,Brody,nbrodya1@prweb.com,Male,134.25.124.139
363,Wes,Rowswell,wrowswella2@accuweather.com,Male,145.165.150.55
364,Anallese,Pentecost,apentecosta3@live.com,Female,120.154.19.192
365,Giacomo,Danielczyk,gdanielczyka4@bbb.org,Male,124.212.114.61
366,Tracey,Youngman,tyoungmana5@gnu.org,Non-binary,93.56.197.44
367,Cinderella,Elfleet,celfleeta6@bandcamp.com,Female,104.43.71.72
368,Webb,Deshorts,wdeshortsa7@about.me,Male,156.50.222.112
369,Gretel,Rooke,grookea8@unc.edu,Female,212.243.92.59
370,Henrik,Milbourn,hmilbourna9@oracle.com,Male,12.249.204.89
371,Falkner,Harbard,fharbardaa@flavors.me,Male,137.210.116.2
372,Miles,Gruszecki,mgruszeckiab@si.edu,Male,113.23.209.144
373,Ajay,Baglan,abaglanac@histats.com,Female,190.204.204.44
374,Daria,Perle,dperlead@google.ca,Female,149.160.1.225
375,Cynthia,Royce,croyceae@oakley.com,Genderqueer,90.122.248.92
376,Wynny,Pocknoll,wpocknollaf@xinhuanet.com,Female,76.194.38.159
377,Candra,Knath,cknathag@360.cn,Female,5.107.126.221
378,Huntlee,Ivanovic,hivanovicah@fc2.com,Male,79.181.170.63
379,Norman,Nardrup,nnardrupai@devhub.com,Male,173.55.25.159
380,My,Jaye,mjayeaj@typepad.com,Male,14.160.248.44
381,Latrina,Haffard,lhaffardak@free.fr,Female,192.113.136.235
382,Evangeline,Dacey,edaceyal@reference.com,Female,2.29.5.212
383,Cammi,Ruffle,cruffleam@hatena.ne.jp,Female,186.221.2.47
384,Monica,McCome,mmccomean@feedburner.com,Female,239.24.78.10
385,Alis,Mallabar,amallabarao@quantcast.com,Female,160.24.232.114
386,Deloris,Dingley,ddingleyap@earthlink.net,Bigender,107.237.77.255
387,Jere,Walpole,jwalpoleaq@printfriendly.com,Female,98.133.170.146
388,Dorian,Rubbert,drubbertar@ucoz.com,Female,96.30.105.44
389,Clo,Pren,cprenas@weebly.com,Female,195.78.69.165
390,Candi,Free,cfreeat@last.fm,Female,127.26.245.206
391,Roderick,Kersaw,rkersawau@japanpost.jp,Male,39.67.199.195
392,Emmy,Brighty,ebrightyav@nsw.gov.au,Male,194.142.122.34
393,Terrie,Beernaert,tbeernaertaw@wufoo.com,Female,191.107.30.96
394,Bernadina,Abbess,babbessax@ft.com,Female,81.143.40.1
395,Virgilio,Ivey,viveyay@cyberchimps.com,Male,181.92.54.3
396,Johannah,Chartres,jchartresaz@themeforest.net,Female,109.189.44.72
397,Mahmud,Knowlton,mknowltonb0@chron.com,Male,183.234.231.87
398,Aylmer,Treasure,atreasureb1@wix.com,Male,159.183.42.33
399,Olvan,Pickard,opickardb2@nps.gov,Male,223.171.94.198
400,Arlyne,Climo,aclimob3@twitter.com,Female,23.199.44.127
401,Ferdinand,Glasman,fglasmanb4@squidoo.com,Male,16.212.230.8
402,Kimberly,Daleman,kdalemanb5@forbes.com,Female,181.45.83.48
403,Albie,Malim,amalimb6@baidu.com,Male,239.156.230.1
404,Harriet,Whitebrook,hwhitebrookb7@dmoz.org,Female,240.230.155.189
405,Corrina,Shank,cshankb8@netscape.com,Female,231.189.165.241
406,Rosabella,Angric,rangricb9@dropbox.com,Female,194.138.38.161
407,Flin,Vashchenko,fvashchenkoba@buzzfeed.com,Male,248.30.145.147
408,Olly,Spellicy,ospellicybb@nymag.com,Male,171.221.134.108
409,Alphard,Jocic,ajocicbc@ted.com,Male,235.104.192.224
410,Myrtice,O'Lochan,molochanbd@de.vu,Female,58.163.192.211
411,Kerk,Barkes,kbarkesbe@liveinternet.ru,Male,124.219.248.68
412,Phil,Gonet,pgonetbf@bravesites.com,Male,108.60.21.73
413,Brand,Wing,bwingbg@washington.edu,Male,146.21.117.222
414,Charline,Rochford,crochfordbh@tiny.cc,Female,54.108.123.63
415,Greg,Hayes,ghayesbi@elegantthemes.com,Non-binary,158.227.53.35
416,Mahmoud,Maier,mmaierbj@comsenz.com,Male,251.203.7.177
417,Sonja,Dinsell,sdinsellbk@ebay.co.uk,Female,0.108.165.60
418,Cori,Basley,cbasleybl@google.co.jp,Male,85.107.245.124
419,Jud,Jardin,jjardinbm@163.com,Male,196.26.40.199
420,Leeland,Gorriessen,lgorriessenbn@yahoo.com,Genderqueer,140.82.25.160
421,Derby,Belcham,dbelchambo@csmonitor.com,Male,84.2.147.141
422,Ricky,Danat,rdanatbp@ning.com,Female,41.156.44.140
423,Giraldo,Chanson,gchansonbq@paypal.com,Male,108.165.153.30
424,Stanislaw,Adelsberg,sadelsbergbr@uol.com.br,Male,234.193.69.4
425,Danna,O'Henehan,dohenehanbs@pagesperso-orange.fr,Female,26.55.211.226
426,Claudian,Taye,ctayebt@msn.com,Male,119.79.39.211
427,Heinrick,Eddowis,heddowisbu@over-blog.com,Male,165.92.193.169
428,Gabey,Postin,gpostinbv@gizmodo.com,Female,86.168.144.137
429,Weston,Whorlow,wwhorlowbw@xinhuanet.com,Male,166.83.209.138
430,Hillier,Carmody,hcarmodybx@sitemeter.com,Male,104.120.102.77
431,Alanson,Pendergrast,apendergrastby@time.com,Male,204.88.18.167
432,Dan,Abramovitch,dabramovitchbz@abc.net.au,Male,11.210.182.95
433,Hailey,Aylward,haylwardc0@nba.com,Male,245.192.85.100
434,Una,Rigolle,urigollec1@spiegel.de,Female,158.241.175.250
435,Jake,Skirrow,jskirrowc2@ovh.net,Male,41.210.174.35
436,Nissie,Paolacci,npaolaccic3@foxnews.com,Female,238.134.173.235
437,Jeffrey,Mackieson,jmackiesonc4@over-blog.com,Male,48.251.146.51
438,Katheryn,Klimochkin,kklimochkinc5@wiley.com,Female,138.83.187.67
439,Hannie,Stockwell,hstockwellc6@mtv.com,Female,165.207.137.17
440,Essie,Sowerby,esowerbyc7@arstechnica.com,Female,44.45.80.214
441,Olivier,Tunnicliffe,otunnicliffec8@oakley.com,Male,247.231.37.171
442,Rhianon,Tee,rteec9@google.it,Female,118.18.151.39
443,Allx,Kitchingham,akitchinghamca@cafepress.com,Female,13.149.81.156
444,Angeli,Avesque,aavesquecb@samsung.com,Male,121.203.143.219
445,Val,Moring,vmoringcc@chronoengine.com,Female,25.229.217.147
446,Massimiliano,Sergant,msergantcd@imgur.com,Male,90.239.145.25
447,Hilton,Twelftree,htwelftreece@microsoft.com,Male,105.228.199.36
448,Pall,Filkov,pfilkovcf@uiuc.edu,Male,8.112.203.15
449,Kalila,Folli,kfollicg@github.io,Female,190.14.94.77
450,Naoma,Corcoran,ncorcoranch@360.cn,Female,203.184.224.43
451,Edi,Younie,eyounieci@netscape.com,Female,94.247.106.154
452,Sax,McAloren,smcalorencj@loc.gov,Male,197.241.230.206
453,Adi,Crumpton,acrumptonck@si.edu,Female,238.6.61.81
454,Becka,Tolwood,btolwoodcl@cisco.com,Female,80.103.43.67
455,Irving,Sullivan,isullivancm@go.com,Bigender,160.114.102.190
456,Sutherlan,Autry,sautrycn@printfriendly.com,Male,138.242.36.207
457,Paulita,Newvell,pnewvellco@linkedin.com,Female,111.249.32.135
458,Tab,Jirousek,tjirousekcp@marriott.com,Male,211.114.75.235
459,Bart,Trevance,btrevancecq@twitpic.com,Male,116.146.212.65
460,Kimmy,Voas,kvoascr@t.co,Female,197.42.36.57
461,Berkley,Jeffcock,bjeffcockcs@ameblo.jp,Male,13.56.185.54
462,Stacy,Driffe,sdriffect@examiner.com,Male,122.89.15.57
463,Franciskus,McGhee,fmcgheecu@aboutads.info,Male,69.79.46.244
464,Melli,Westwood,mwestwoodcv@businessweek.com,Female,169.140.13.234
465,Antonina,Bleasby,ableasbycw@is.gd,Female,222.36.165.50
466,Benn,Summons,bsummonscx@hibu.com,Male,103.82.197.97
467,Hill,Statefield,hstatefieldcy@princeton.edu,Male,36.252.202.96
468,Gaston,Mathivet,gmathivetcz@mac.com,Male,194.82.13.2
469,Booth,Pealing,bpealingd0@aboutads.info,Male,62.79.204.127
470,Gerrie,Lyenyng,glyenyngd1@gov.uk,Female,37.92.26.114
471,Loren,Wrintmore,lwrintmored2@360.cn,Genderfluid,162.105.85.9
472,Artus,Laimable,alaimabled3@hc360.com,Genderqueer,237.57.200.235
473,Francklin,De Vere,fdevered4@samsung.com,Agender,151.189.144.210
474,Kerwin,Warlock,kwarlockd5@amazonaws.com,Male,133.48.88.16
475,Arturo,Warne,awarned6@adobe.com,Male,87.252.146.41
476,Ashli,Le Ball,aleballd7@is.gd,Non-binary,134.72.255.253
477,Irvine,Khidr,ikhidrd8@independent.co.uk,Male,6.35.159.65
478,Julius,Eveling,jevelingd9@rambler.ru,Male,166.195.164.231
479,Charin,Baugham,cbaughamda@infoseek.co.jp,Female,7.80.171.188
480,Windham,Popland,wpoplanddb@people.com.cn,Male,126.97.37.177
481,Gerta,Summerrell,gsummerrelldc@webmd.com,Female,152.185.251.219
482,Maurizia,Bartkowiak,mbartkowiakdd@addtoany.com,Female,111.157.87.89
483,Lindsey,Shapiro,lshapirode@wikia.com,Male,163.55.199.50
484,Roosevelt,Pirkis,rpirkisdf@ucla.edu,Male,191.205.24.18
485,Roch,Moogan,rmoogandg@ameblo.jp,Female,19.85.120.18
486,Imogene,Surgeoner,isurgeonerdh@unblog.fr,Female,3.210.142.108
487,Marcille,Wiskar,mwiskardi@goo.ne.jp,Female,26.252.135.138
488,Ginelle,Rainville,grainvilledj@ifeng.com,Female,61.228.52.132
489,Silvain,Sprake,ssprakedk@ucla.edu,Male,245.218.24.43
490,Casper,McAlister,cmcalisterdl@google.com.br,Male,4.140.244.75
491,Sheeree,Latour,slatourdm@opera.com,Female,62.27.207.78
492,Ken,Dongate,kdongatedn@soup.io,Male,197.116.213.152
493,Luke,Wheelhouse,lwheelhousedo@mit.edu,Male,54.183.93.207
494,Bondon,Beastall,bbeastalldp@springer.com,Male,9.189.90.237
495,Reid,Rubica,rrubicadq@typepad.com,Agender,52.103.233.138
496,Jessa,Bettenson,jbettensondr@washingtonpost.com,Female,69.35.168.174
497,Laura,Janson,ljansonds@hud.gov,Female,157.48.6.64
498,Gwyneth,Bavridge,gbavridgedt@eepurl.com,Female,32.115.218.203
499,Hilarius,Goodspeed,hgoodspeeddu@google.cn,Polygender,232.68.21.17
500,Aline,Ogus,aogusdv@yellowbook.com,Female,4.2.61.209
501,Martino,Wilgar,mwilgardw@lulu.com,Male,104.228.150.189
502,Broderick,Hares,bharesdx@jiathis.com,Male,59.175.198.212
503,Grata,O'Carrol,gocarroldy@exblog.jp,Genderqueer,179.86.3.189
504,Skip,Mc Carroll,smccarrolldz@dmoz.org,Male,101.105.101.12
505,Winfield,Beert,wbeerte0@fotki.com,Male,201.18.54.144
506,Blair,Aked,bakede1@dedecms.com,Female,92.100.146.212
507,Elaine,Crookall,ecrookalle2@nytimes.com,Female,4.153.151.77
508,Tobe,Trusty,ttrustye3@cnbc.com,Bigender,9.164.129.86
509,Odey,Pittendreigh,opittendreighe4@multiply.com,Male,230.206.192.61
510,Farly,Roser,frosere5@columbia.edu,Male,32.32.81.180
511,Ronna,Goulborn,rgoulborne6@instagram.com,Female,143.222.28.128
512,Jacinthe,Mowsdell,jmowsdelle7@biglobe.ne.jp,Female,40.65.142.110
513,Fleurette,Lamers,flamerse8@exblog.jp,Female,9.254.193.203
514,Misha,Ellingsworth,mellingsworthe9@google.com.hk,Female,85.65.153.49
515,Britt,Ching,bchingea@sbwire.com,Agender,189.78.10.156
516,Marcelline,Damrel,mdamreleb@forbes.com,Female,118.146.193.64
517,Mavis,Klimentyev,mklimentyevec@barnesandnoble.com,Female,11.249.90.41
518,Amerigo,Bullimore,abullimoreed@opera.com,Male,206.224.161.212
519,Thorsten,Lindsell,tlindsellee@usatoday.com,Bigender,86.58.198.229
520,Emylee,Gerg,egergef@seattletimes.com,Female,38.203.162.210
521,Pavlov,Tapenden,ptapendeneg@arizona.edu,Male,23.203.236.15
522,Kingsly,Eyrl,keyrleh@google.pl,Male,198.32.206.149
523,Eamon,Bednall,ebednallei@latimes.com,Male,35.159.230.117
524,Jana,Cargenven,jcargenvenej@hostgator.com,Female,213.171.84.113
525,Joell,Rackham,jrackhamek@drupal.org,Female,17.252.29.110
526,Enoch,Ungerechts,eungerechtsel@alibaba.com,Polygender,246.99.96.38
527,Abba,Harcombe,aharcombeem@salon.com,Male,208.60.39.26
528,Pembroke,Platts,pplattsen@dmoz.org,Male,64.234.12.55
529,Billy,Brudenell,bbrudenelleo@pagesperso-orange.fr,Female,109.34.87.77
530,Danie,Harbertson,dharbertsonep@dyndns.org,Male,202.115.234.34
531,Marrissa,Sherwen,msherweneq@noaa.gov,Genderfluid,106.49.205.25
532,Liane,Pinchen,lpinchener@homestead.com,Female,111.179.182.177
533,Francklyn,Corradini,fcorradinies@shareasale.com,Male,29.56.187.90
534,Sheri,Coger,scogeret@columbia.edu,Female,103.136.206.242
535,Emeline,Gummoe,egummoeeu@reddit.com,Female,85.145.81.9
536,Frankie,Shuker,fshukerev@slate.com,Male,168.205.133.68
537,Susanna,Sparke,ssparkeew@discovery.com,Polygender,183.229.63.122
538,Bryna,Quantick,bquantickex@google.com.hk,Female,108.170.55.250
539,Andre,Lauritzen,alauritzeney@comcast.net,Polygender,156.122.228.128
540,Johnathan,Pinnell,jpinnellez@wikispaces.com,Male,22.155.57.42
541,Thom,Pheasant,tpheasantf0@adobe.com,Male,179.32.206.161
542,Melisse,Winterscale,mwinterscalef1@jalbum.net,Female,250.201.9.69
543,Isabeau,Volette,ivolettef2@elpais.com,Female,59.203.50.23
544,Zack,Prandini,zprandinif3@sciencedirect.com,Male,183.237.205.114
545,Darci,Chelsom,dchelsomf4@google.it,Female,227.40.60.240
546,Renae,Twist,rtwistf5@liveinternet.ru,Female,26.54.60.93
547,Trudy,Erridge,terridgef6@soundcloud.com,Female,153.82.37.122
548,Cathrine,Padillo,cpadillof7@cafepress.com,Female,156.151.104.164
549,Philly,Headly,pheadlyf8@vk.com,Female,203.46.50.73
550,Dario,Thirlwall,dthirlwallf9@com.com,Male,85.238.5.188
551,Hagan,Tummond,htummondfa@lycos.com,Male,25.126.52.207
552,Gothart,Trent,gtrentfb@jugem.jp,Male,37.221.111.174
553,Laurent,Pierro,lpierrofc@census.gov,Male,12.234.137.51
554,Iago,Cranham,icranhamfd@plala.or.jp,Male,215.203.65.203
555,Ferrell,Robbie,frobbiefe@icio.us,Male,108.96.237.214
556,Cchaddie,Truckell,ctruckellff@cornell.edu,Male,42.209.174.138
557,Joellyn,Caron,jcaronfg@mediafire.com,Female,23.209.169.165
558,Filberto,Shillingford,fshillingfordfh@reference.com,Male,193.154.23.143
559,Ancell,Redbourn,aredbournfi@craigslist.org,Male,66.96.48.194
560,Murielle,Charnock,mcharnockfj@webs.com,Female,222.250.140.234
561,Nickie,Sabberton,nsabbertonfk@auda.org.au,Female,63.44.21.118
562,Thorstein,Pottinger,tpottingerfl@yellowbook.com,Male,47.89.5.210
563,Johnathon,Eldon,jeldonfm@mashable.com,Male,71.246.255.61
564,Consolata,Slimon,cslimonfn@umich.edu,Female,155.155.220.118
565,Wendell,Doudny,wdoudnyfo@walmart.com,Male,83.42.168.106
566,Michel,Cressy,mcressyfp@163.com,Non-binary,133.220.89.217
567,Stanfield,Carnalan,scarnalanfq@sogou.com,Male,120.44.66.5
568,Shepherd,Kippling,skipplingfr@a8.net,Male,242.221.145.116
569,Noellyn,Tomei,ntomeifs@amazon.de,Female,118.115.160.87
570,Griffy,Leynagh,gleynaghft@seesaa.net,Male,206.147.146.182
571,Winny,Huie,whuiefu@archive.org,Female,95.246.252.86
572,Chlo,Attfield,cattfieldfv@pbs.org,Female,26.222.248.100
573,Daloris,Tubb,dtubbfw@dyndns.org,Female,10.205.216.149
574,Muire,Slowan,mslowanfx@admin.ch,Female,196.172.219.117
575,Sid,Geist,sgeistfy@ycombinator.com,Male,76.130.29.106
576,David,Schutter,dschutterfz@netscape.com,Male,62.109.53.245
577,Georgianne,Sweetnam,gsweetnamg0@europa.eu,Female,235.93.95.21
578,Dal,Moulsdall,dmoulsdallg1@icio.us,Male,3.22.211.115
579,Nariko,Izatt,nizattg2@berkeley.edu,Female,211.14.0.108
580,Gannie,Avard,gavardg3@google.com.br,Male,152.104.224.94
581,Gavra,Blackler,gblacklerg4@tamu.edu,Female,194.35.164.52
582,Una,Leverich,uleverichg5@nbcnews.com,Female,247.207.19.3
583,Shani,Joanaud,sjoanaudg6@imgur.com,Female,203.204.171.126
584,Carlie,Wenderott,cwenderottg7@fema.gov,Male,116.162.20.183
585,Lotty,Cunnow,lcunnowg8@google.nl,Female,165.76.243.218
586,Munmro,Regus,mregusg9@live.com,Male,150.249.138.67
587,Rosaleen,Shillinglaw,rshillinglawga@washingtonpost.com,Female,50.208.88.99
588,Bess,Polin,bpolingb@accuweather.com,Female,77.113.114.117
589,Annabel,Creffield,acreffieldgc@ifeng.com,Female,216.136.91.8
590,Ameline,Di Franceshci,adifranceshcigd@tuttocitta.it,Female,101.120.219.199
591,Jacintha,Stubbley,jstubbleyge@technorati.com,Female,73.110.6.141
592,Ailina,Lonergan,alonergangf@umich.edu,Female,91.189.96.80
593,Henrik,Di Matteo,hdimatteogg@edublogs.org,Male,243.172.144.144
594,Roldan,Sherington,rsheringtongh@reddit.com,Male,179.183.75.40
595,Thoma,Burnell,tburnellgi@umn.edu,Male,193.2.123.152
596,Eadmund,Cassius,ecassiusgj@is.gd,Male,153.73.59.243
597,Feliks,Parriss,fparrissgk@usatoday.com,Male,207.54.109.86
598,Fancie,Labbett,flabbettgl@parallels.com,Female,195.65.136.5
599,Corly,Chismon,cchismongm@nifty.com,Female,125.118.137.175
600,Giorgi,Tellenbrok,gtellenbrokgn@altervista.org,Male,92.24.90.214
601,Nataniel,Dymoke,ndymokego@skype.com,Male,182.21.188.130
602,Arri,Barnwall,abarnwallgp@google.es,Male,65.83.249.10
603,Margy,Harbin,mharbingq@sbwire.com,Female,174.1.232.240
604,Vanni,Giberd,vgiberdgr@ebay.com,Female,145.89.7.195
605,Melicent,O'Hearn,mohearngs@hp.com,Female,8.107.186.112
606,Tanitansy,Schaumaker,tschaumakergt@woothemes.com,Female,40.138.189.87
607,Karim,Clayill,kclayillgu@flickr.com,Male,75.188.247.206
608,Inga,Wynter,iwyntergv@addthis.com,Female,22.136.198.220
609,Welbie,Cook,wcookgw@epa.gov,Male,4.110.22.148
610,Lorenzo,Strike,lstrikegx@mapy.cz,Male,246.9.87.199
611,Michell,Priver,mprivergy@phpbb.com,Female,29.178.98.112
612,Laughton,Jakubski,ljakubskigz@usa.gov,Genderqueer,53.106.143.240
613,Trumann,Hyams,thyamsh0@biglobe.ne.jp,Male,248.57.10.106
614,Henka,Deerness,hdeernessh1@google.ru,Female,103.199.205.9
615,Adelheid,Meech,ameechh2@bizjournals.com,Female,85.8.12.168
616,Josey,Gilbody,jgilbodyh3@surveymonkey.com,Female,74.123.174.49
617,Bart,Domelaw,bdomelawh4@yelp.com,Male,193.163.30.14
618,Lark,Bakes,lbakesh5@techcrunch.com,Female,87.86.223.233
619,Caria,Atheis,catheish6@examiner.com,Female,183.234.172.7
620,Cointon,Tolefree,ctolefreeh7@etsy.com,Male,138.82.54.160
621,Jenny,Abbets,jabbetsh8@posterous.com,Female,146.14.206.13
622,Markus,Mundford,mmundfordh9@clickbank.net,Male,132.53.190.43
623,Kathie,Fabri,kfabriha@thetimes.co.uk,Female,89.189.218.178
624,Nigel,Gooly,ngoolyhb@weibo.com,Male,51.14.110.152
625,Belia,Savage,bsavagehc@delicious.com,Female,235.188.244.27
626,Aluin,Farthin,afarthinhd@unicef.org,Male,81.15.28.216
627,Leeanne,Jerratsch,ljerratschhe@multiply.com,Female,15.5.165.240
628,Drugi,Woodberry,dwoodberryhf@gov.uk,Male,79.90.83.151
629,Yuma,Champkin,ychampkinhg@vk.com,Male,204.245.15.50
630,Bradney,Hurll,bhurllhh@washington.edu,Male,21.130.191.91
631,Yancey,Rotlauf,yrotlaufhi@tmall.com,Male,173.71.3.189
632,Beaufort,Colenutt,bcolenutthj@wufoo.com,Agender,179.71.186.44
633,Issie,Roseaman,iroseamanhk@mapy.cz,Non-binary,44.196.255.104
634,Bertine,Triebner,btriebnerhl@istockphoto.com,Female,179.104.143.179
635,Chet,Andreichik,candreichikhm@opera.com,Male,226.219.244.57
636,Katalin,Iacobacci,kiacobaccihn@phpbb.com,Female,99.25.119.127
637,Xenos,Press,xpressho@de.vu,Male,222.50.159.215
638,Germaine,Pennino,gpenninohp@shareasale.com,Female,83.157.114.223
639,Hunfredo,Covert,hcoverthq@jugem.jp,Male,191.37.11.144
640,Allistir,Carolan,acarolanhr@opensource.org,Male,169.145.194.68
641,Flss,Arrighi,farrighihs@businessinsider.com,Female,159.26.32.122
642,Fanechka,Drummer,fdrummerht@google.com.hk,Female,198.228.125.232
643,Dori,Zanicchi,dzanicchihu@issuu.com,Female,75.15.28.50
644,Andriana,Golbourn,agolbournhv@home.pl,Female,37.190.171.153
645,Brigitta,Vanner,bvannerhw@myspace.com,Female,26.119.176.32
646,Ham,Syratt,hsyratthx@macromedia.com,Male,142.212.25.24
647,Edgardo,Warsop,ewarsophy@theguardian.com,Male,221.171.177.0
648,Camella,Pavluk,cpavlukhz@pinterest.com,Female,159.97.87.243
649,Lucas,Brithman,lbrithmani0@jimdo.com,Genderqueer,99.231.194.233
650,Sylas,Drees,sdreesi1@state.tx.us,Male,87.250.119.230
651,Antone,Reyson,areysoni2@comcast.net,Male,0.210.251.52
652,Baldwin,MacElholm,bmacelholmi3@ustream.tv,Male,50.90.52.96
653,Charis,Teulier,cteulieri4@cam.ac.uk,Female,227.101.84.193
654,Cymbre,Lowthian,clowthiani5@biglobe.ne.jp,Female,21.60.7.45
655,Gerrie,Fedder,gfedderi6@china.com.cn,Female,37.58.186.27
656,Kirby,Hlavecek,khlaveceki7@studiopress.com,Female,171.35.187.175
657,Simon,Larratt,slarratti8@nature.com,Male,220.101.31.216
658,Wiley,Tosh,wtoshi9@marriott.com,Male,105.114.85.119
659,Gorden,Dumbreck,gdumbreckia@skype.com,Male,215.196.242.73
660,Farly,Trevena,ftrevenaib@ustream.tv,Male,32.218.69.81
661,Milena,Erington,meringtonic@hp.com,Female,243.41.224.30
662,Simonne,Reid,sreidid@sourceforge.net,Female,37.158.232.114
663,Janine,Cattlemull,jcattlemullie@wix.com,Female,210.6.203.204
664,Moises,Izkovici,mizkoviciif@forbes.com,Male,39.83.193.20
665,Brig,Thornebarrow,bthornebarrowig@artisteer.com,Male,16.216.97.89
666,Sapphire,Hammant,shammantih@mapy.cz,Female,96.60.127.30
667,Maximilien,Yve,myveii@arstechnica.com,Male,31.10.102.115
668,Cathee,Baudins,cbaudinsij@yahoo.com,Female,179.240.198.182
669,Emlynn,Tilio,etilioik@seesaa.net,Female,69.201.188.67
670,Ikey,Gallier,igallieril@cam.ac.uk,Male,223.112.162.98
671,Quill,Clearley,qclearleyim@examiner.com,Male,153.156.231.160
672,Udell,Yair,uyairin@myspace.com,Male,56.155.95.253
673,Maryann,McGauhy,mmcgauhyio@marketwatch.com,Female,245.241.138.61
674,Jojo,Levis,jlevisip@slate.com,Female,150.212.211.198
675,William,Mesant,wmesantiq@blog.com,Male,173.167.166.43
676,Bronson,Enoksson,benokssonir@feedburner.com,Male,89.103.241.31
677,Adam,Kitchenham,akitchenhamis@bing.com,Male,80.59.94.209
678,Roxanne,Adolf,radolfit@photobucket.com,Female,221.52.216.1
679,Emalia,Connew,econnewiu@sfgate.com,Female,59.29.42.19
680,Cassey,Battrick,cbattrickiv@qq.com,Female,115.93.183.229
681,Averil,Coleborn,acoleborniw@jugem.jp,Male,138.161.89.24
682,Wilhelmine,Scottesmoor,wscottesmoorix@bloglines.com,Female,53.204.184.54
683,Kane,Slowcock,kslowcockiy@bluehost.com,Male,96.23.196.189
684,Aurie,Iddy,aiddyiz@technorati.com,Female,134.225.249.107
685,Mabel,Burgiss,mburgissj0@who.int,Female,190.218.162.202
686,Stephi,Vanyukov,svanyukovj1@sfgate.com,Female,9.250.160.87
687,Brew,Camin,bcaminj2@a8.net,Male,243.160.1.187
688,Mozelle,Eastham,measthamj3@virginia.edu,Polygender,152.108.163.147
689,Pall,Gerauld,pgerauldj4@wikispaces.com,Male,32.37.246.226
690,Ninetta,Constanza,nconstanzaj5@businessinsider.com,Female,171.250.2.249
691,Charyl,Iacomelli,ciacomellij6@is.gd,Female,162.42.231.250
692,Joby,Uzelli,juzellij7@imageshack.us,Female,54.190.26.32
693,Udell,Mell,umellj8@blog.com,Male,208.79.155.169
694,Tawnya,Keggin,tkegginj9@topsy.com,Female,59.60.247.35
695,Caren,Pellett,cpellettja@google.com.hk,Female,192.109.18.145
696,Caria,Belfitt,cbelfittjb@archive.org,Female,161.198.141.168
697,Kelby,Fearnyough,kfearnyoughjc@devhub.com,Male,182.44.188.53
698,Saudra,Sigsworth,ssigsworthjd@about.me,Female,78.40.250.82
699,Orren,Hanster,ohansterje@deviantart.com,Male,48.207.48.130
700,Gothart,Cometson,gcometsonjf@yale.edu,Non-binary,50.55.164.152
701,Lida,Ebrall,lebralljg@nifty.com,Female,188.17.220.181
702,Tad,Newton,tnewtonjh@timesonline.co.uk,Male,78.242.167.117
703,Jean,Jallin,jjallinji@feedburner.com,Polygender,205.248.215.192
704,Marc,Speedy,mspeedyjj@cafepress.com,Male,65.102.53.212
705,Mychal,Bleakman,mbleakmanjk@ow.ly,Polygender,186.140.238.124
706,Brod,Grodden,bgroddenjl@themeforest.net,Male,91.181.96.248
707,Morlee,Hrachovec,mhrachovecjm@indiegogo.com,Genderfluid,78.113.26.214
708,Edd,Eneas,eeneasjn@newsvine.com,Male,72.76.162.122
709,Lorie,Seabert,lseabertjo@cloudflare.com,Female,170.195.93.2
710,Miller,Bryett,mbryettjp@free.fr,Male,27.243.90.120
711,Dexter,Sepey,dsepeyjq@sun.com,Male,165.229.209.172
712,Rozella,Blythin,rblythinjr@freewebs.com,Female,252.177.99.178
713,Lizbeth,Gerrets,lgerretsjs@vistaprint.com,Female,227.149.102.210
714,Carola,Alentyev,calentyevjt@reuters.com,Genderqueer,92.88.184.222
715,Guthry,Collingworth,gcollingworthju@exblog.jp,Male,124.33.90.46
716,Morganne,Cullrford,mcullrfordjv@vinaora.com,Female,2.94.163.59
717,Errick,Reap,ereapjw@fema.gov,Male,161.34.120.211
718,Durant,Peckitt,dpeckittjx@amazonaws.com,Male,251.184.252.126
719,Zondra,Syddie,zsyddiejy@twitter.com,Female,206.106.189.169
720,Adair,Tutill,atutilljz@g.co,Polygender,20.96.83.217
721,Kim,Oldacres,koldacresk0@webnode.com,Male,53.216.212.59
722,Cesare,Schuchmacher,cschuchmacherk1@imgur.com,Male,32.33.178.71
723,Efren,Gomer,egomerk2@nyu.edu,Male,91.75.212.29
724,Coralyn,Pietruszka,cpietruszkak3@hostgator.com,Genderqueer,126.36.58.104
725,Bryn,Pail,bpailk4@sciencedirect.com,Female,255.183.83.90
726,Roanna,Simonite,rsimonitek5@about.me,Female,64.34.44.146
727,Dorine,Dyet,ddyetk6@engadget.com,Genderfluid,197.89.162.25
728,Zorah,Start,zstartk7@t-online.de,Female,3.34.148.180
729,Adeline,Everett,aeverettk8@ebay.com,Female,220.209.15.104
730,Alexia,Ferri,aferrik9@surveymonkey.com,Female,212.227.168.84
731,Breanne,Leslie,bleslieka@simplemachines.org,Female,179.228.142.112
732,Darrell,Colbridge,dcolbridgekb@godaddy.com,Male,250.215.18.76
733,Kesley,Dysert,kdysertkc@deviantart.com,Female,187.244.202.196
734,Darya,Coalburn,dcoalburnkd@yahoo.com,Female,118.136.227.103
735,Jed,Blackesland,jblackeslandke@sakura.ne.jp,Male,23.160.207.187
736,Olivier,Paterno,opaternokf@odnoklassniki.ru,Male,236.232.80.99
737,Alanson,Pappin,apappinkg@bloglovin.com,Male,241.57.4.239
738,Jedidiah,McPhee,jmcpheekh@discovery.com,Male,202.201.174.220
739,Stanly,McLauchlin,smclauchlinki@smugmug.com,Male,205.141.86.140
740,Gwendolyn,Greensall,ggreensallkj@senate.gov,Non-binary,112.173.121.202
741,Thomasine,Catterson,tcattersonkk@clickbank.net,Female,213.96.58.224
742,Emmye,Suerz,esuerzkl@godaddy.com,Female,43.74.244.150
743,Laurene,Scoble,lscoblekm@ed.gov,Female,167.82.186.225
744,Emmett,Clineck,eclineckkn@theguardian.com,Male,85.83.20.147
745,Almeta,Davie,adavieko@google.ca,Female,14.143.190.140
746,Lynnell,Hancke,lhanckekp@ehow.com,Female,100.197.168.231
747,Amargo,Robey,arobeykq@reddit.com,Agender,161.56.119.112
748,Bar,Cleminson,bcleminsonkr@angelfire.com,Bigender,74.230.17.77
749,Cassie,Vallack,cvallackks@shareasale.com,Female,16.107.11.155
750,Wendeline,Powderham,wpowderhamkt@amazon.com,Female,208.234.35.44
751,Valeda,Commings,vcommingsku@studiopress.com,Female,27.99.135.14
752,Ward,Goricke,wgorickekv@smh.com.au,Male,178.172.18.137
753,Brit,Dradey,bdradeykw@cbsnews.com,Male,213.247.140.237
754,Ranna,Stolberger,rstolbergerkx@sfgate.com,Female,141.90.63.22
755,Josselyn,Fieldsend,jfieldsendky@pbs.org,Genderfluid,134.10.108.163
756,Davina,Draper,ddraperkz@tinyurl.com,Female,123.68.6.175
757,Merrile,Sawnwy,msawnwyl0@vk.com,Female,196.167.233.20
758,Kate,MacLaren,kmaclarenl1@jigsy.com,Female,249.10.71.92
759,Bruce,Bretland,bbretlandl2@liveinternet.ru,Male,107.204.110.29
760,Leonidas,Mindenhall,lmindenhalll3@newsvine.com,Male,141.75.236.161
761,Geraldine,Peele,gpeelel4@webs.com,Female,93.45.35.19
762,Nicoli,Beedie,nbeediel5@imdb.com,Female,8.194.38.231
763,Kata,MacCleod,kmaccleodl6@gravatar.com,Female,172.172.222.124
764,Alic,Jordison,ajordisonl7@cafepress.com,Male,9.192.215.106
765,Giustino,Wash,gwashl8@zdnet.com,Male,117.73.244.97
766,Gail,Sibyllina,gsibyllinal9@epa.gov,Male,207.114.54.115
767,Goldarina,Eates,geatesla@youku.com,Female,99.209.17.203
768,Killy,Glendining,kglendininglb@google.com.au,Male,21.231.217.192
769,Thatch,Grahl,tgrahllc@topsy.com,Male,212.236.191.193
770,Lion,Parchment,lparchmentld@webmd.com,Polygender,140.96.71.255
771,Herrick,Lyddon,hlyddonle@marriott.com,Male,220.171.172.62
772,Renato,Skurray,rskurraylf@gravatar.com,Male,13.187.248.138
773,Ebenezer,Sinnat,esinnatlg@ucla.edu,Male,151.92.19.81
774,Siusan,Braksper,sbraksperlh@reuters.com,Female,117.211.58.145
775,Rasla,Rimmer,rrimmerli@techcrunch.com,Genderfluid,174.249.107.223
776,Hunt,Whitehead,hwhiteheadlj@cdc.gov,Male,136.54.17.71
777,Tiebold,Woodeson,twoodesonlk@blogs.com,Male,141.27.160.150
778,Yanaton,Stowers,ystowersll@pen.io,Male,101.143.239.127
779,Brittaney,Cawsby,bcawsbylm@engadget.com,Agender,195.35.15.38
780,Arlina,Mulchrone,amulchroneln@yahoo.com,Female,36.122.31.216
781,Morley,Tregunnah,mtregunnahlo@cornell.edu,Male,135.186.152.127
782,Rhea,Curr,rcurrlp@adobe.com,Female,212.22.183.64
783,Joane,Sedgemore,jsedgemorelq@mediafire.com,Genderqueer,3.137.94.50
784,Lucila,Hayman,lhaymanlr@odnoklassniki.ru,Female,162.10.63.139
785,Eadmund,Dresse,edressels@redcross.org,Male,211.255.18.215
786,Amara,Wadeson,awadesonlt@chronoengine.com,Female,180.119.217.162
787,Carmine,Choldcroft,ccholdcroftlu@mail.ru,Female,14.113.252.155
788,Marketa,Tetford,mtetfordlv@odnoklassniki.ru,Female,193.103.147.90
789,Annmarie,Kingswell,akingswelllw@i2i.jp,Female,14.92.152.53
790,Tommy,Izaac,tizaaclx@acquirethisname.com,Female,26.165.177.114
791,Nickie,Kervin,nkervinly@foxnews.com,Male,41.217.187.227
792,Brennen,Eliff,belifflz@sbwire.com,Agender,163.143.128.150
793,Rick,Kinton,rkintonm0@businesswire.com,Genderqueer,245.98.91.141
794,Agna,Checchi,achecchim1@mayoclinic.com,Female,119.173.48.200
795,Julienne,Muzzullo,jmuzzullom2@youku.com,Female,7.202.6.160
796,Faustina,Feeny,ffeenym3@behance.net,Female,108.224.115.24
797,Araldo,Calcraft,acalcraftm4@msu.edu,Male,66.235.242.154
798,Xever,MacGahey,xmacgaheym5@tinypic.com,Male,27.248.201.114
799,Drew,Durward,ddurwardm6@usda.gov,Male,142.213.138.5
800,Keslie,Buckley,kbuckleym7@photobucket.com,Female,125.82.173.120
801,Marleah,Refford,mreffordm8@theguardian.com,Genderqueer,127.251.220.239
802,Haleigh,Guyonnet,hguyonnetm9@rambler.ru,Male,225.91.193.47
803,Constantina,Borgne,cborgnema@meetup.com,Female,206.67.33.120
804,Wynne,Uzzell,wuzzellmb@jiathis.com,Female,168.194.13.236
805,Sharla,McIlriach,smcilriachmc@myspace.com,Female,72.26.4.5
806,Marsh,Jozefiak,mjozefiakmd@de.vu,Male,168.60.40.73
807,Cherie,Brodhead,cbrodheadme@virginia.edu,Female,129.67.3.44
808,Kath,Jellicorse,kjellicorsemf@google.nl,Female,190.171.204.161
809,Corbett,Dibdale,cdibdalemg@yale.edu,Male,139.208.234.252
810,Chanda,Petlyura,cpetlyuramh@live.com,Female,148.96.54.32
811,Rudy,Vernau,rvernaumi@wikia.com,Male,138.190.153.66
812,Kelby,Stallibrass,kstallibrassmj@marriott.com,Male,158.193.189.194
813,Joellyn,Dyche,jdychemk@usda.gov,Female,250.173.143.56
814,Gabie,Lewsy,glewsyml@gmpg.org,Male,167.176.182.156
815,Germayne,Bolsover,gbolsovermm@economist.com,Male,125.32.126.187
816,Clo,Sponer,csponermn@huffingtonpost.com,Female,0.227.198.107
817,Nananne,Managh,nmanaghmo@chron.com,Female,170.105.139.140
818,Budd,Hurrion,bhurrionmp@360.cn,Male,5.23.237.1
819,Raimund,Fish,rfishmq@toplist.cz,Male,95.42.26.219
820,Leonelle,Axelbee,laxelbeemr@webmd.com,Female,221.175.195.209
821,Sibby,Wedmore.,swedmorems@bizjournals.com,Female,214.36.198.243
822,Angel,Wetwood,awetwoodmt@netlog.com,Female,241.58.184.64
823,Dudley,Sandys,dsandysmu@columbia.edu,Male,228.144.77.209
824,Madelin,Hannaway,mhannawaymv@canalblog.com,Female,65.76.74.193
825,Theresina,Barnhill,tbarnhillmw@ihg.com,Female,71.188.130.89
826,Gabriele,Morstatt,gmorstattmx@biglobe.ne.jp,Male,73.210.27.163
827,Monica,March,mmarchmy@eventbrite.com,Female,180.237.170.23
828,Sindee,Brigginshaw,sbrigginshawmz@hostgator.com,Female,13.254.237.119
829,Abbot,Sancraft,asancraftn0@telegraph.co.uk,Male,150.148.234.212
830,Tanny,Kaygill,tkaygilln1@dell.com,Male,182.234.234.81
831,Morissa,Spier,mspiern2@goo.gl,Female,172.140.153.195
832,Staci,Klewer,sklewern3@springer.com,Female,66.70.62.83
833,Maynard,Plampeyn,mplampeynn4@sphinn.com,Male,246.128.253.226
834,Stanislaus,Storie,sstorien5@state.gov,Male,29.3.42.249
835,Ned,Roubay,nroubayn6@bandcamp.com,Male,255.58.248.180
836,Giavani,Glisane,gglisanen7@wordpress.org,Male,213.152.106.113
837,Brian,Pergens,bpergensn8@myspace.com,Male,126.93.209.240
838,Marysa,Loffill,mloffilln9@devhub.com,Female,240.229.4.33
839,Wandis,Duester,wduesterna@thetimes.co.uk,Female,131.8.19.211
840,Rhys,Gudde,rguddenb@blogs.com,Male,44.116.50.214
841,Gaynor,Halden,ghaldennc@wordpress.org,Agender,148.67.2.33
842,Fernanda,Cowland,fcowlandnd@china.com.cn,Female,171.106.40.167
843,Jolie,Duddell,jduddellne@economist.com,Female,17.248.15.118
844,Nichols,Bernardelli,nbernardellinf@mozilla.com,Male,79.46.189.225
845,Concettina,McGeady,cmcgeadyng@statcounter.com,Female,150.183.157.6
846,Town,MacTeggart,tmacteggartnh@wikimedia.org,Male,177.230.65.238
847,Fletch,Gilbey,fgilbeyni@mayoclinic.com,Male,7.240.28.24
848,Terrell,Fugere,tfugerenj@lulu.com,Male,83.209.235.218
849,Dominica,Lamkin,dlamkinnk@whitehouse.gov,Female,158.242.50.206
850,Deina,Iban,dibannl@wunderground.com,Female,139.59.157.82
851,Antonietta,Kellar,akellarnm@facebook.com,Female,104.71.52.66
852,Robinette,Chalkly,rchalklynn@istockphoto.com,Female,254.43.122.153
853,Eal,Abrams,eabramsno@liveinternet.ru,Male,90.121.36.179
854,Ritchie,Valintine,rvalintinenp@google.com.hk,Male,91.26.229.118
855,Almeta,Benedikt,abenediktnq@nbcnews.com,Female,144.46.25.98
856,Asher,Andraud,aandraudnr@pagesperso-orange.fr,Male,220.123.101.199
857,Maurits,Plover,mploverns@irs.gov,Male,202.102.89.148
858,Melba,Lathwell,mlathwellnt@soup.io,Female,153.190.234.49
859,Avictor,Fownes,afownesnu@istockphoto.com,Male,112.79.113.113
860,Claudianus,Agney,cagneynv@behance.net,Male,53.189.148.58
861,Jamison,Woodsford,jwoodsfordnw@studiopress.com,Male,137.244.93.40
862,Jania,Ethridge,jethridgenx@t.co,Female,71.108.217.41
863,Jason,Dorr,jdorrny@ed.gov,Male,118.50.124.199
864,Eleen,O'Shields,eoshieldsnz@aboutads.info,Female,186.19.12.83
865,Ted,Skett,tsketto0@wufoo.com,Female,134.41.161.214
866,Izak,Kerr,ikerro1@xing.com,Male,151.198.170.239
867,Aksel,Bristo,abristoo2@mozilla.com,Male,141.252.30.6
868,Mirna,Larby,mlarbyo3@123-reg.co.uk,Female,20.116.54.194
869,Janene,Richard,jrichardo4@fda.gov,Female,13.91.53.78
870,Francklin,Acheson,fachesono5@nationalgeographic.com,Male,67.32.88.97
871,Geordie,Ruberti,grubertio6@apache.org,Male,68.62.39.145
872,Fey,Haldane,fhaldaneo7@independent.co.uk,Female,37.238.243.229
873,Emory,Levermore,elevermoreo8@marriott.com,Male,59.223.228.99
874,Aharon,Dorow,adorowo9@cmu.edu,Male,43.218.222.215
875,Godart,Danelutti,gdaneluttioa@flickr.com,Male,145.168.172.34
876,Dorice,Geydon,dgeydonob@bbb.org,Female,146.186.169.86
877,Rutherford,McKaile,rmckaileoc@utexas.edu,Male,186.36.231.231
878,Catrina,Kennet,ckennetod@amazon.co.jp,Female,12.255.174.60
879,Isak,Goult,igoultoe@vkontakte.ru,Male,180.201.185.132
880,Jorge,Renforth,jrenforthof@squarespace.com,Male,40.226.120.152
881,Adora,Roggeman,aroggemanog@yahoo.co.jp,Female,149.221.28.233
882,Leroi,Coplestone,lcoplestoneoh@bbb.org,Male,127.33.137.189
883,Arlie,Shawcroft,ashawcroftoi@netlog.com,Female,151.178.240.206
884,Caryl,Erington,ceringtonoj@so-net.ne.jp,Female,101.231.153.65
885,Eric,Malster,emalsterok@php.net,Male,176.182.52.85
886,Dana,Atley,datleyol@xinhuanet.com,Male,92.18.87.193
887,Susy,Puttergill,sputtergillom@nasa.gov,Female,203.227.224.251
888,Adora,Wigfield,awigfieldon@g.co,Female,216.227.79.85
889,Spenser,Bowers,sbowersoo@hexun.com,Male,141.5.130.12
890,Alice,Camies,acamiesop@youtu.be,Female,183.123.133.8
891,Gustav,Ilymanov,gilymanovoq@shareasale.com,Male,230.33.111.241
892,Raffaello,Terbrugge,rterbruggeor@bbc.co.uk,Male,2.222.199.220
893,Noak,Gurton,ngurtonos@aboutads.info,Male,214.119.45.68
894,Moyna,McGlashan,mmcglashanot@topsy.com,Female,228.204.51.6
895,Jodi,Surmeyers,jsurmeyersou@yahoo.co.jp,Male,32.59.192.66
896,Esmeralda,Ainslee,eainsleeov@gov.uk,Female,52.148.153.247
897,Hester,Woofinden,hwoofindenow@google.es,Female,63.221.173.224
898,Ruby,Jeyes,rjeyesox@constantcontact.com,Male,221.54.124.152
899,Angie,Sieghart,asieghartoy@ocn.ne.jp,Polygender,67.200.78.85
900,Elston,Warland,ewarlandoz@usa.gov,Male,211.100.198.89
901,Darill,Jiroutek,djiroutekp0@instagram.com,Male,252.223.182.68
902,Chantalle,Bassilashvili,cbassilashvilip1@ask.com,Female,202.195.255.246
903,Benyamin,Humfrey,bhumfreyp2@youku.com,Non-binary,149.232.225.219
904,Kat,Sperring,ksperringp3@omniture.com,Female,213.68.219.223
905,Dianemarie,Blacktin,dblacktinp4@goo.ne.jp,Polygender,80.184.216.176
906,Catherina,Tolchar,ctolcharp5@moonfruit.com,Female,82.51.141.122
907,Joseph,Scandred,jscandredp6@qq.com,Male,199.184.45.93
908,Massimo,Peppard,mpeppardp7@yahoo.co.jp,Male,171.39.153.227
909,Byrom,Pavlenko,bpavlenkop8@dion.ne.jp,Male,223.192.149.5
910,Adena,Pincott,apincottp9@answers.com,Female,205.213.252.187
911,Delano,Yacobsohn,dyacobsohnpa@ucla.edu,Male,168.244.25.83
912,Bee,Gergus,bgerguspb@friendfeed.com,Female,151.107.211.112
913,Drusy,Revance,drevancepc@nymag.com,Female,113.89.174.207
914,Rutter,Jurges,rjurgespd@dropbox.com,Male,239.145.203.253
915,Francesco,Durdy,fdurdype@privacy.gov.au,Bigender,205.202.183.162
916,Marci,Davidovici,mdavidovicipf@newyorker.com,Female,241.112.57.141
917,Nathalie,Biesty,nbiestypg@wiley.com,Female,159.41.183.7
918,Tommi,McIlwraith,tmcilwraithph@amazon.de,Female,61.164.31.2
919,Archer,Kissack,akissackpi@dell.com,Male,244.95.91.109
920,Darren,Drinnan,ddrinnanpj@dyndns.org,Male,225.53.77.157
921,Ray,Kynge,rkyngepk@howstuffworks.com,Male,74.202.182.251
922,Esme,O'Lyhane,eolyhanepl@va.gov,Male,238.245.204.77
923,Umeko,Caser,ucaserpm@mlb.com,Female,234.109.103.214
924,Carmine,Iffland,cifflandpn@ebay.com,Female,163.129.52.190
925,Rosabelle,Eyres,reyrespo@drupal.org,Agender,189.68.70.237
926,Meier,Gilfillan,mgilfillanpp@issuu.com,Male,130.181.76.141
927,Murdock,Romi,mromipq@google.nl,Male,198.47.89.193
928,Phil,Plom,pplompr@loc.gov,Female,139.200.76.168
929,Prescott,Wilkie,pwilkieps@globo.com,Male,111.170.202.127
930,Herrick,Tease,hteasept@wufoo.com,Male,175.122.64.100
931,Luther,Auchterlonie,lauchterloniepu@techcrunch.com,Male,227.190.217.89
932,Eliza,MacGebenay,emacgebenaypv@ning.com,Agender,58.223.147.245
933,Sidnee,Sabban,ssabbanpw@msn.com,Male,119.254.144.220
934,Madalena,Doerrling,mdoerrlingpx@ted.com,Female,120.126.77.21
935,Alvy,Cordova,acordovapy@people.com.cn,Male,86.222.146.79
936,Naoma,Pucker,npuckerpz@mail.ru,Female,46.238.12.178
937,Xerxes,Sinclar,xsinclarq0@behance.net,Male,255.230.179.17
938,Theobald,Kindread,tkindreadq1@wufoo.com,Male,152.34.52.244
939,Jarrad,Drayson,jdraysonq2@joomla.org,Male,239.124.29.100
940,Rivalee,Walklot,rwalklotq3@privacy.gov.au,Female,54.245.107.164
941,Janek,Lippingwell,jlippingwellq4@cocolog-nifty.com,Male,17.53.167.85
942,Bertina,Braznell,bbraznellq5@ca.gov,Female,255.203.75.101
943,Ulrica,Honisch,uhonischq6@fema.gov,Female,189.87.15.0
944,Orazio,Gensavage,ogensavageq7@un.org,Male,25.152.91.37
945,Dorise,Lante,dlanteq8@printfriendly.com,Female,128.194.174.231
946,Alejandro,Shuttleworth,ashuttleworthq9@youtube.com,Male,244.92.213.30
947,Candie,Leythley,cleythleyqa@zimbio.com,Female,135.95.77.104
948,Sigismond,Bellay,sbellayqb@lycos.com,Male,42.1.145.239
949,Caren,Tarbett,ctarbettqc@scribd.com,Female,122.10.102.24
950,Arch,Posselwhite,aposselwhiteqd@drupal.org,Male,233.149.135.136
951,Hogan,Dallicoat,hdallicoatqe@parallels.com,Male,55.123.151.249
952,Claus,Brunotti,cbrunottiqf@tuttocitta.it,Male,143.179.123.4
953,Rebecca,Rasch,rraschqg@blinklist.com,Female,83.78.9.177
954,Clarisse,Wilkins,cwilkinsqh@squidoo.com,Female,83.167.219.94
955,Hamel,Canedo,hcanedoqi@jugem.jp,Male,190.87.195.71
956,Esma,Pagan,epaganqj@msu.edu,Female,26.56.128.225
957,Wilburt,McNish,wmcnishqk@sun.com,Male,225.202.2.253
958,Dorey,Hurry,dhurryql@reddit.com,Male,89.98.20.170
959,Zora,Nuss,znussqm@freewebs.com,Female,153.106.199.178
960,Jamill,Bonhome,jbonhomeqn@ebay.co.uk,Male,89.34.29.173
961,Reynolds,Wrout,rwroutqo@istockphoto.com,Male,91.27.173.60
962,Benjamen,Tubble,btubbleqp@zimbio.com,Male,173.243.229.81
963,Cart,Joynson,cjoynsonqq@icio.us,Male,183.252.126.18
964,Garrot,Rupel,grupelqr@mac.com,Male,22.114.144.15
965,Donnie,Paddington,dpaddingtonqs@jigsy.com,Female,175.246.188.177
966,Onofredo,Covotti,ocovottiqt@prnewswire.com,Male,59.168.109.148
967,Hobey,Hutchens,hhutchensqu@bing.com,Male,103.11.41.47
968,Vonni,Nowaczyk,vnowaczykqv@si.edu,Female,61.159.66.89
969,Lauritz,Monday,lmondayqw@nba.com,Male,92.128.126.139
970,Huntington,Comber,hcomberqx@globo.com,Male,25.25.18.173
971,Lothaire,Sylett,lsylettqy@amazon.co.uk,Non-binary,113.91.120.168
972,Danica,Biggs,dbiggsqz@opensource.org,Female,79.50.35.38
973,Alecia,de Broke,adebroker0@mlb.com,Female,47.40.109.208
974,Ninnette,Smallcomb,nsmallcombr1@behance.net,Female,181.240.241.47
975,Parker,Berger,pbergerr2@scientificamerican.com,Agender,133.63.191.243
976,Griffin,Nelissen,gnelissenr3@un.org,Male,47.216.216.191
977,Pooh,Tegler,pteglerr4@home.pl,Bigender,79.245.242.147
978,Ruy,Paske,rpasker5@blogspot.com,Male,106.73.206.19
979,Malchy,Durston,mdurstonr6@toplist.cz,Male,154.207.113.135
980,Randi,Careswell,rcareswellr7@usa.gov,Female,47.192.124.25
981,Inesita,Levy,ilevyr8@studiopress.com,Female,24.22.40.55
982,Clotilda,O'Cahsedy,cocahsedyr9@myspace.com,Female,136.201.111.99
983,Lindsay,Frankema,lfrankemara@goodreads.com,Male,27.24.222.24
984,Bendix,Siggs,bsiggsrb@ehow.com,Male,117.139.96.247
985,Lynette,Ramsbottom,lramsbottomrc@bizjournals.com,Female,165.55.186.183
986,Kelby,Golden,kgoldenrd@state.tx.us,Male,16.172.187.172
987,Olvan,Hawket,ohawketre@qq.com,Polygender,59.87.59.157
988,Susann,Duligal,sduligalrf@time.com,Female,156.110.154.212
989,Jourdan,Greenaway,jgreenawayrg@newyorker.com,Female,163.122.25.47
990,James,Axby,jaxbyrh@uiuc.edu,Male,7.37.107.3
991,Davidde,Sheen,dsheenri@imageshack.us,Male,141.166.233.251
992,Dagny,Dmych,ddmychrj@illinois.edu,Male,149.187.226.92
993,Vonny,Anney,vanneyrk@trellian.com,Female,81.213.33.153
994,Rodolph,Jewess,rjewessrl@jimdo.com,Male,47.129.42.243
995,Lona,Dymott,ldymottrm@fotki.com,Female,181.193.128.119
996,Odele,Ulrik,oulrikrn@house.gov,Female,246.72.117.145
997,Caty,Minghi,cminghiro@theatlantic.com,Female,151.20.217.96
998,Sarette,Advani,sadvanirp@diigo.com,Non-binary,115.44.87.220
999,Phineas,Tapper,ptapperrq@fda.gov,Male,223.23.179.150
1000,Kristan,Burl,kburlrr@surveymonkey.com,Female,238.152.70.208
